"item_id","name","classname","name_id","type","material","weight","invgfx","grdgfx","itemdesc_id","dmg_small","dmg_large","range","safenchant","use_royal","use_knight","use_mage","use_elf","use_darkelf","use_dragonknight","use_illusionist","hitmodifier","dmgmodifier","add_str","add_con","add_dex","add_int","add_wis","add_cha","add_hp","add_mp","add_hpr","add_mpr","add_sp","m_def","haste_item","double_dmg_chance","magicdmgmodifier","canbedmg","min_lvl","max_lvl","bless","trade","cant_delete","max_use_time"
"1","歐西斯匕首","0","$13","dagger","iron","10000","34","68","0","2","3","1","6","1","1","1","1","1","0","0","2","0","0","0","0","0","0","0","0","0","0","0","0","0","0","0","0","1","0","0","1","0","0","0"
"2","骰子匕首","0","$416","dagger","iron","10000","144","354","142","1","3","1","6","1","1","1","1","1","0","0","-1","0","0","0","0","0","0","0","0","0","0","0","0","0","0","0","0","1","0","0","1","0","0","0"
"3","短劍的劍身","0","$785","sword","mithril","20000","322","68","0","2","2","1","6","1","1","1","1","1","1","0","0","0","0","0","0","0","0","0","0","0","0","0","0","0","0","0","0","1","0","0","1","0","0","0"
"4","匕首","0","$70","dagger","iron","10000","35","68","0","4","2","1","6","1","1","1","1","1","0","0","2","0","0","0","0","0","0","0","0","0","0","0","0","0","0","0","0","1","0","0","1","0","0","0"
"5","精靈匕首","0","$12","dagger","mithril","10000","33","68","0","4","3","1","6","1","1","1","1","1","0","0","2","0","0","0","0","0","0","0","0","0","0","0","0","0","0","0","0","1","0","0","1","0","0","0"
"6","拉斯塔巴德短劍","0","$2905","dagger","iron","20000","1332","3433","1078","4","3","1","6","1","1","1","1","1","0","0","2","0","0","0","0","0","0","0","0","0","0","0","0","0","0","0","0","1","0","0","1","0","0","0"
"7","象牙塔短劍","0","$3288","dagger","iron","20000","34","68","1329","5","5","1","-1","1","1","1","1","1","0","0","2","0","0","0","0","0","0","0","0","0","0","0","0","0","0","0","0","1","0","0","1","1","0","0"
"8","米索莉短劍","0","$3248","dagger","mithril","50000","1629","4112","1283","6","5","1","6","1","1","1","1","1","0","0","0","0","0","0","0","0","0","0","0","0","0","3","1","0","0","0","0","1","0","0","1","0","0","0"
"9","奧裡哈魯根短劍","0","$3247","dagger","oriharukon","50000","1635","4118","1282","7","7","1","6","1","1","1","1","1","0","0","0","2","0","0","0","0","0","0","0","0","0","0","0","0","0","0","0","0","0","0","1","0","0","0"
"10","小武士刀","0","$2920","dagger","iron","30000","1341","3441","1079","8","8","1","6","1","1","1","1","1","0","0","1","0","0","0","0","0","0","0","0","0","0","0","0","0","0","0","0","1","0","0","1","0","0","0"
"11","水晶短劍","0","$3867","dagger","silver","45000","1921","4982","0","10","4","1","6","1","1","1","1","1","0","0","0","1","0","0","0","0","0","0","0","0","0","0","0","0","0","0","0","1","0","0","1","0","0","0"
"12","風刃短劍","0","$3835","dagger","blackmithril","60000","1947","5003","0","23","16","1","0","1","1","1","1","1","0","0","0","6","0","0","2","0","0","0","0","0","0","0","0","0","0","0","0","1","0","0","1","0","0","0"
"13","死亡之指","0","$2648","dagger","iron","20000","1317","3370","1049","16","4","1","6","0","0","0","0","1","0","0","2","1","0","0","0","0","0","0","0","0","0","0","0","0","0","0","0","1","50","0","1","1","0","0"
"14","混沌之刺","0","$3737","dagger","bone","10000","1995","5046","1706","18","2","1","0","1","1","1","1","1","0","0","0","2","0","0","0","0","0","0","0","0","0","0","0","0","0","0","0","1","45","0","1","0","0","0"
"15","失去魔力的克特之劍","0","$2777","sword","iron","1000","1243","3266","1011","0","0","1","6","0","1","0","0","0","0","0","0","0","0","0","0","0","0","0","0","0","0","0","0","0","0","0","0","1","0","0","1","1","0","0"
"16","復仇之劍","0","$2762","tohandsword","bone","40000","1241","3308","996","4","36","1","0","0","1","0","0","0","1","0","3","0","0","0","0","0","0","0","0","0","0","0","0","0","0","0","0","1","0","0","1","0","0","0"
"17","受封印 被遺忘的巨劍","0","$1958 $1938","tohandsword","iron","80000","90","76","659","5","6","1","0","1","1","0","0","0","1","0","3","3","0","0","0","0","0","0","0","0","0","0","0","0","0","0","0","1","45","0","1","0","0","0"
"18","受封印 被遺忘的劍","0","$1958 $1939","sword","iron","40000","103","26","660","3","2","1","0","1","1","0","1","1","0","0","5","0","0","0","0","0","0","0","0","0","0","0","0","0","0","0","0","1","45","0","1","0","0","0"
"19","長劍的劍身","0","$786","sword","mithril","30000","321","890","0","3","3","1","6","1","1","1","1","1","1","0","0","0","0","0","0","0","0","0","0","0","0","0","0","0","0","0","0","1","0","0","1","0","0","0"
"20","奧裡哈魯根的劍身","0","$787","sword","oriharukon","35000","321","890","0","4","4","1","6","1","1","1","1","1","1","0","0","0","0","0","0","0","0","0","0","0","0","0","0","0","0","0","0","1","0","0","1","0","0","0"
"21","歐西斯短劍","0","$99","sword","iron","30000","105","26","0","4","4","1","6","1","1","1","1","1","1","0","0","0","0","0","0","0","0","0","0","0","0","0","0","0","0","0","0","1","0","0","1","0","0","0"
"22","鎖子甲破壞者","0","$793","sword","oriharukon","40000","276","26","276","4","5","1","6","1","1","1","1","1","1","0","10","0","0","0","0","0","0","0","0","0","0","0","0","0","0","0","0","1","0","0","1","0","0","0"
"23","闊劍","0","$66","sword","iron","70000","21","82","0","4","6","1","6","1","1","1","1","1","1","0","0","0","0","0","0","0","0","0","0","0","0","0","0","0","0","0","0","1","0","0","1","0","0","0"
"24","短劍","0","$100","sword","iron","30000","106","26","0","6","8","1","6","1","1","1","1","1","1","0","0","0","0","0","0","0","0","0","0","0","0","0","0","0","0","0","0","1","0","0","1","0","0","0"
"25","銀劍","0","$1148","sword","silver","40000","156","26","0","7","7","1","6","1","1","1","1","1","1","0","0","0","0","0","0","0","0","0","0","0","0","0","0","0","0","0","0","1","0","0","1","0","0","0"
"26","小侏儒短劍","0","$97","sword","iron","40000","103","26","0","7","8","1","6","1","1","1","1","1","1","0","0","0","0","0","0","0","0","0","0","0","0","0","0","0","0","0","0","1","0","0","1","0","0","0"
"27","彎刀","0","$92","sword","iron","40000","90","76","0","8","8","1","6","1","1","1","1","1","1","0","0","0","0","0","0","0","0","0","0","0","0","0","0","0","0","0","0","1","0","0","1","0","0","0"
"28","精靈短劍","0","$98","sword","mithril","20000","325","26","284","8","8","1","6","1","1","1","1","1","1","0","0","0","0","0","0","0","0","0","0","0","0","0","0","0","0","0","0","1","0","0","1","0","0","0"
"29","銀長劍","0","$1147","sword","silver","50000","163","356","0","8","12","1","6","1","1","1","1","1","1","0","0","0","0","0","0","0","0","0","0","0","0","0","0","0","0","0","0","1","0","0","1","0","0","0"
"30","紅騎士之劍","0","$313","sword","iron","40000","441","3","123","8","12","1","6","1","1","1","1","1","1","0","0","0","1","0","0","0","0","0","0","0","0","0","0","0","0","0","0","1","0","0","1","0","0","0"
"31","長劍","0","$0","sword","iron","40000","2","3","0","8","12","1","6","1","1","1","1","1","1","0","0","0","0","0","0","0","0","0","0","0","0","0","0","0","0","0","0","1","0","0","1","0","0","0"
"32","侵略者之劍","0","$415","sword","iron","40000","151","355","0","9","11","1","6","1","1","1","1","1","1","0","0","0","0","0","0","0","0","0","0","0","0","0","0","0","0","0","0","1","0","0","1","0","0","0"
"33","榮耀之劍","0","$3790","sword","iron","50000","1871","4759","1807","9","12","1","6","0","1","0","0","0","1","0","0","2","0","0","0","0","0","0","0","0","0","0","0","0","0","0","0","1","0","0","1","0","0","0"
"34","血紅慾望短劍","0","$3795","dagger","mithril","20000","1872","3","1812","10","8","1","6","0","0","0","1","1","0","0","0","0","0","0","0","0","0","0","0","0","-3","0","0","0","0","0","0","1","0","0","1","0","0","0"
"35","象牙塔單手劍","0","$3279","sword","iron","40000","2","26","1320","10","10","1","-1","1","1","0","1","1","1","0","2","0","0","0","0","0","0","0","0","0","0","0","0","0","0","0","0","1","0","0","1","1","0","0"
"36","幻象之劍","0","$1997","sword","iron","40000","932","26","0","10","10","1","6","1","1","1","1","1","1","1","0","0","0","0","0","0","0","0","0","0","0","0","0","0","0","0","0","1","0","0","3","0","0","0"
"37","大馬士革刀","0","$598","sword","iron","45000","298","3","235","10","11","1","6","1","1","0","1","1","1","0","0","0","0","0","0","0","0","0","0","0","0","0","0","0","0","0","0","0","0","0","1","0","0","0"
"38","拉斯塔巴德長劍","0","$2903","sword","iron","30000","1335","3422","1076","10","12","1","6","0","1","0","1","1","1","0","1","0","0","0","0","0","0","0","0","0","0","0","0","0","0","0","0","1","0","0","1","0","0","0"
"39","短刀","0","$3504","sword","iron","50000","1778","4352","0","10","12","1","6","1","1","0","1","1","1","0","1","0","0","0","0","0","0","0","0","0","0","0","0","0","0","0","0","0","0","0","1","0","0","0"
"40","血色巨劍","0","$3864","tohandsword","iron","160000","1918","4979","0","13","15","1","6","0","1","0","0","0","1","0","0","0","0","0","0","0","0","0","0","0","0","0","0","0","0","0","0","1","0","0","1","0","0","0"
"41","武士刀","0","$16","sword","iron","40000","58","26","0","10","12","1","6","1","1","0","1","1","1","0","1","0","0","0","0","0","0","0","0","0","0","0","0","0","0","0","0","1","0","0","1","0","0","0"
"42","細劍","0","$789","sword","oriharukon","60000","104","3","0","11","6","1","6","0","1","0","1","1","1","0","0","0","0","0","0","0","0","0","0","0","0","0","0","0","0","0","0","1","0","0","1","0","0","0"
"43","海賊彎刀","0","$3505","sword","oriharukon","60000","1779","4353","1497","11","6","1","6","0","1","0","1","1","1","0","1","0","0","0","0","0","0","0","0","0","0","0","0","0","0","0","0","1","0","0","1","0","0","0"
"44","古代黑暗妖精之劍","0","$2772","sword","mithril","20000","1250","3314","1006","12","12","1","6","0","0","0","1","0","0","0","3","1","0","0","1","0","0","0","50","0","0","0","0","0","0","0","0","1","0","0","1","0","0","0"
"45","波曲王之劍","0","$428","sword","iron","50000","155","355","152","11","12","1","9","1","1","1","1","1","0","0","0","0","0","0","0","0","0","0","0","0","0","0","0","0","0","0","0","1","0","0","1","0","0","0"
"46","生命之劍","0","$1553","sword","iron","40000","58","26","0","11","12","1","9","1","1","0","1","1","0","0","1","0","0","0","0","0","0","0","0","0","0","0","0","0","0","0","0","1","0","0","1","0","0","0"
"47","沉默之劍","0","$3110","sword","iron","60000","1511","3733","1198","12","12","1","6","0","1","0","1","1","1","0","2","0","0","0","0","0","0","0","0","0","0","0","0","0","0","0","0","1","0","0","1","0","0","0"
"48","象牙塔雙手劍","0","$3280","tohandsword","iron","150000","21","82","1321","15","15","1","-1","1","1","0","0","0","1","0","1","0","0","0","0","0","0","0","0","0","0","0","0","0","0","0","0","1","0","0","1","1","0","0"
"49","武官之刃","0","$3840","sword","iron","120000","1894","4955","0","13","10","1","6","1","1","0","1","0","1","0","1","2","0","0","0","0","0","0","0","0","0","0","0","0","0","0","0","1","0","0","1","0","0","0"
"50","赤焰之劍","0","$2353","sword","silver","80000","1019","3","790","14","6","1","6","0","0","0","1","0","0","0","4","0","0","0","0","0","0","0","0","0","0","0","0","0","0","0","0","1","50","0","1","1","0","0"
"51","黃金權杖","0","$2354","sword","gold","110000","1020","781","791","14","14","1","6","1","0","0","0","0","0","0","1","0","0","0","0","0","0","0","0","0","0","0","0","0","0","0","0","1","50","0","1","1","0","0"
"52","雙手劍","0","$3","tohandsword","iron","150000","4","59","0","17","21","1","6","1","1","0","0","0","1","0","0","0","0","0","0","0","0","0","0","0","0","0","0","0","0","0","0","1","0","0","1","0","0","0"
"53","蜥蜴王勇士之劍","0","$3796","tohandsword","iron","150000","1876","3","1813","17","21","1","6","1","1","0","0","0","1","0","0","0","0","0","0","0","0","0","0","0","0","0","0","0","0","0","0","1","0","0","1","0","0","0"
"54","克特之劍","0","$2994","sword","iron","40000","1243","3266","1098","15","11","1","6","0","1","0","0","0","1","0","4","3","0","0","0","0","0","0","0","0","0","0","0","0","0","0","0","1","0","0","1","0","0","0"
"55","黑暗之劍","0","$3863","sword","iron","100000","1917","4978","0","15","12","1","6","1","1","0","0","1","1","0","0","1","0","0","0","0","0","0","0","0","0","0","0","0","0","0","0","1","0","0","1","0","0","0"
"56","黑焰之劍","0","$2350","sword","iron","100000","1016","3","787","16","8","1","6","0","1","0","0","0","0","0","2","0","0","0","0","0","0","0","0","0","0","0","0","0","0","0","0","0","50","0","1","1","0","0"
"57","瑟魯基之劍","0","$17","sword","steel","120000","112","3","0","16","10","1","6","0","1","0","0","0","1","0","2","0","0","0","0","0","0","0","0","0","0","0","0","0","0","0","0","1","0","0","1","0","0","0"
"58","死亡騎士的烈炎之劍","0","$2758","sword","iron","40000","1259","3304","992","16","10","1","6","0","1","0","0","0","1","0","5","2","0","0","0","0","0","0","0","0","0","0","0","0","0","0","0","1","0","0","1","0","0","0"
"59","騎士范德之劍","0","$2859","sword","steel","150000","1181","3131","0","16","16","1","6","0","1","0","0","0","1","0","-1","5","0","0","0","0","0","0","0","0","0","0","0","0","0","0","0","1","0","0","1","0","0","0"
"60","末日刀","0","$417","sword","iron","50000","58","26","0","16","16","1","6","1","1","1","1","1","0","0","20","120","5","5","5","5","5","5","0","0","0","0","0","0","0","0","0","0","52","0","1","0","0","0"
"61","真．冥皇執行劍","0","$3834","tohandsword","blackmithril","100000","1945","5002","0","22","27","1","6","1","1","0","0","0","0","0","5","20","2","0","0","0","0","0","0","0","0","0","0","0","0","0","0","0","0","0","1","0","0","0"
"62","武官雙手劍","0","$3839","tohandsword","iron","150000","1893","4954","0","19","23","1","6","0","1","0","0","0","1","0","1","5","0","0","0","0","0","0","0","0","0","0","0","0","0","0","0","1","0","0","1","0","0","0"
"63","惡魔之劍","0","$3375","sword","iron","40000","1720","4317","1411","17","9","1","6","1","1","0","1","0","1","0","4","0","0","0","0","0","0","0","0","0","0","0","0","0","0","0","0","0","0","0","1","0","0","0"
"64","巨劍","0","$1048","tohandsword","iron","150000","463","3","0","20","17","1","6","1","1","0","0","0","1","0","0","0","0","0","0","0","0","0","0","0","0","0","0","0","0","0","0","1","0","0","1","0","0","0"
"65","天空之劍","0","$2253","sword","iron","5000","1010","26","760","17","19","1","-1","0","1","0","0","0","0","0","0","0","0","0","0","0","0","0","0","0","0","0","0","0","0","0","0","1","50","0","1","1","0","0"
"66","屠龍劍","0","$1020","tohandsword","steel","180000","438","3","0","24","33","1","6","0","1","0","0","0","1","0","0","0","0","0","0","0","0","0","0","0","0","0","0","0","0","0","0","1","0","0","1","0","0","0"
"67","古老的巨劍","0","$1951","tohandsword","iron","70000","897","3","671","27","45","1","-1","1","1","0","0","0","1","0","3","0","0","0","0","0","0","0","0","0","0","0","0","0","0","0","0","1","45","0","1","0","0","0"
"68","古老的劍","0","$1950","sword","iron","30000","902","26","672","35","20","1","-1","1","1","0","1","1","1","0","5","0","0","0","0","0","0","0","0","0","0","0","0","0","0","0","0","1","45","0","1","0","0","0"
"69","青銅雙刀","0","$2458 $2449","edoryu","iron","20000","1067","2923","862","8","6","1","6","0","0","0","0","1","0","0","2","0","0","0","0","0","0","0","0","0","0","0","0","0","0","25","0","1","0","0","1","0","0","0"
"70","尖刺雙刀","0","$3866","edoryu","iron","30000","1920","4981","859","8","8","1","6","0","0","0","0","1","0","0","0","3","0","0","0","0","0","0","0","0","0","0","0","0","0","25","0","0","0","0","1","0","0","0"
"71","鋼鐵雙刀","0","$2459 $2449","edoryu","iron","30000","1090","2929","863","10","7","1","6","0","0","0","0","1","0","0","1","0","0","0","0","0","0","0","0","0","0","0","0","0","0","25","0","1","0","0","1","0","0","0"
"72","暗影雙刀","0","$2460 $2449","edoryu","iron","30000","1083","2930","859","11","7","1","6","0","0","0","0","1","0","0","1","0","0","0","0","0","0","0","0","0","0","0","0","0","0","25","0","1","0","0","1","0","0","0"
"73","象牙塔雙刀","0","$3286","edoryu","iron","20000","1072","2923","1327","11","8","1","-1","0","0","0","0","1","0","0","1","0","0","0","0","0","0","0","0","0","0","0","0","0","0","25","0","1","0","0","1","1","0","0"
"74","銀光雙刀","0","$2454 $2449","edoryu","silver","20000","1085","2926","849","11","8","1","6","0","0","0","0","1","0","0","3","0","0","0","0","0","0","0","0","0","0","0","0","0","0","25","0","1","0","0","1","0","0","0"
"75","黑暗雙刀","0","$2452 $2449","edoryu","steel","20000","1072","2925","846","12","8","1","6","0","0","0","0","1","0","0","3","0","0","0","0","0","0","0","0","0","0","0","0","0","0","25","0","0","0","0","1","0","0","0"
"76","倫德雙刀","0","$2759","edoryu","iron","30000","1260","3305","993","12","8","1","6","0","0","0","0","1","0","0","3","0","0","0","0","0","0","0","0","0","0","0","0","0","0","25","0","1","0","0","1","0","0","0"
"77","短雙刀","0","$2461 $2449","edoryu","iron","25000","1088","2924","860","13","8","1","6","0","0","0","0","1","0","0","2","0","0","0","0","0","0","0","0","0","0","0","0","0","0","25","0","1","0","0","1","0","0","0"
"78","暗殺軍王之痕","0","$3860","edoryu","platinum","20000","1914","4975","0","13","13","1","6","0","0","0","0","1","0","0","0","2","0","0","0","0","0","0","0","0","0","0","0","0","0","25","0","0","0","0","1","0","0","0"
"79","深淵雙刀","0","$3791","edoryu","steel","20000","1875","4763","1808","14","10","1","6","0","0","0","0","1","0","0","0","0","0","0","0","0","0","0","0","0","0","0","0","0","0","25","0","0","0","0","1","0","0","0"
"80","大馬士革雙刀","0","$2462 $2449","edoryu","iron","40000","1069","2931","861","15","9","1","6","0","0","0","0","1","0","0","0","0","0","0","0","0","0","0","0","0","0","0","0","0","0","25","0","0","0","0","1","0","0","0"
"81","幽暗雙刀","0","$2453 $2449","edoryu","steel","30000","1064","2927","851","15","10","1","6","0","0","0","0","1","0","0","3","1","0","0","0","0","0","0","0","0","0","0","0","0","0","25","0","0","0","0","1","0","0","0"
"82","拉斯塔巴德雙刀","0","$2904","edoryu","iron","40000","1324","3431","1077","15","10","1","6","0","0","0","0","1","0","0","0","0","0","0","0","0","0","0","0","0","0","0","0","0","0","25","0","0","0","0","1","0","0","0"
"83","狄亞得雙刀","0","$3111","edoryu","iron","40000","1512","3734","1199","15","11","1","6","0","0","0","0","1","0","0","0","0","0","0","0","0","0","0","0","0","0","0","0","0","0","25","0","0","0","0","1","0","0","0"
"84","暗黑雙刀","0","$2455","edoryu","platinum","40000","1078","2928","854","17","13","1","6","0","0","0","0","1","0","0","4","3","0","0","0","0","0","0","0","0","0","0","0","0","0","25","0","0","0","0","1","0","0","0"
"85","惡魔雙刀","0","$3376","edoryu","iron","30000","1785","4362","1412","18","13","1","6","0","0","0","0","1","0","0","3","1","0","0","0","0","0","0","0","0","0","0","0","0","0","25","0","0","0","0","1","0","0","0"
"86","紅影雙刀","0","$3836","edoryu","blackmithril","50000","1949","5004","0","20","15","1","0","0","0","0","0","1","0","0","2","8","0","0","0","0","1","0","0","0","0","0","0","0","0","25","0","0","0","0","1","0","0","0"
"87","不為人知的矛","0","$2760","spear","bone","0","1228","3306","994","0","0","2","0","0","0","0","0","0","0","0","0","0","0","0","0","0","0","0","0","0","0","0","0","0","0","0","0","1","0","0","1","0","0","0"
"88","潘的角","0","$783","singlespear","bone","12000","317","887","0","2","2","2","6","1","1","1","1","0","0","0","0","0","0","0","0","0","0","0","0","0","0","0","0","0","0","0","0","1","0","0","1","0","0","0"
"89","覆上米索莉的角","0","$791","singlespear","steel","24000","315","887","0","4","4","2","6","1","1","1","1","0","0","0","0","0","0","0","0","0","0","0","0","0","0","0","0","0","0","0","0","1","0","0","1","0","0","0"
"90","巴迪須","0","$62","spear","steel","120000","11","5","0","10","12","2","6","1","1","0","0","0","0","0","0","0","0","0","0","0","0","0","0","0","0","0","0","0","0","0","0","1","0","0","1","0","0","0"
"91","歐西斯之矛","0","$96","singlespear","steel","30000","100","27","0","4","6","2","6","1","1","1","1","0","0","0","0","0","0","0","0","0","0","0","0","0","0","0","0","0","0","0","0","1","0","0","1","0","0","0"
"92","柴刀","0","$63","spear","steel","120000","13","5","0","10","17","2","6","1","1","0","0","0","0","0","0","0","0","0","0","0","0","0","0","0","0","0","0","0","0","0","0","1","0","0","1","0","0","0"
"93","三叉戟","0","$102","singlespear","steel","25000","111","77","0","5","4","2","6","1","1","0","1","0","0","0","0","0","0","0","0","0","0","0","0","0","0","0","0","0","0","0","0","1","0","0","1","0","0","0"
"94","帕提森","0","$87","singlespear","steel","80000","72","5","0","6","6","2","6","1","1","0","1","0","0","0","0","0","0","0","0","0","0","0","0","0","0","0","0","0","0","0","0","1","0","0","1","0","0","0"
"95","槍","0","$81","singlespear","steel","180000","60","71","0","6","8","2","6","1","1","0","0","0","0","0","0","0","0","0","0","0","0","0","0","0","0","0","0","0","0","0","0","1","0","0","1","0","0","0"
"96","矛","0","$25","singlespear","steel","80000","98","27","0","6","8","2","6","1","1","1","1","0","0","0","0","0","0","0","0","0","0","0","0","0","0","0","0","0","0","0","0","1","0","0","1","0","0","0"
"97","吉薩","0","$76","spear","steel","80000","48","5","0","12","14","2","6","1","1","0","1","0","0","0","0","0","0","0","0","0","0","0","0","0","0","0","0","0","0","0","0","1","0","0","1","0","0","0"
"98","闊矛","0","$75","spear","steel","75000","45","5","0","12","16","2","6","1","1","0","1","0","0","0","0","0","0","0","0","0","0","0","0","0","0","0","0","0","0","0","0","1","0","0","1","0","0","0"
"99","精靈之矛","0","$95","singlespear","mithril","30000","99","5","0","7","8","2","6","1","1","1","1","0","0","0","0","0","0","0","0","0","0","0","0","0","0","0","0","0","0","0","0","1","0","0","1","0","0","0"
"100","覆上奧裡哈魯根的角","0","$792","singlespear","oriharukon","55000","316","887","0","7","8","2","6","1","1","1","1","0","0","0","0","0","0","0","0","0","0","0","0","0","0","0","0","0","0","0","0","1","0","0","1","0","0","0"
"101","拉斯塔巴德矛","0","$2906","singlespear","steel","80000","1333","3432","1080","8","8","2","6","1","1","0","1","0","0","0","0","0","0","0","0","0","0","0","0","0","0","0","0","0","0","0","0","1","0","0","1","0","0","0"
"102","露西錘","0","$83","spear","steel","150000","66","5","0","15","17","2","6","1","1","0","0","0","0","0","3","0","0","0","0","0","0","0","0","0","0","0","0","0","0","0","0","0","0","0","1","0","0","0"
"103","戟","0","$77","spear","steel","150000","50","5","0","16","12","2","6","1","1","0","0","0","0","0","0","0","0","0","0","0","0","0","0","0","0","0","0","0","0","0","0","0","0","0","1","0","0","0"
"104","法丘","0","$73","spear","oriharukon","60000","41","5","0","16","16","2","6","1","1","0","1","0","0","0","3","0","0","0","0","0","0","0","0","0","0","0","0","0","0","0","0","0","0","0","1","0","0","0"
"105","象牙塔長矛","0","$3282","spear","steel","100000","98","27","1323","16","17","2","-1","0","1","0","0","0","0","0","0","0","0","0","0","0","0","0","0","0","0","0","0","0","0","0","0","0","0","0","1","1","0","0"
"106","貝卡合金","0","$71","spear","steel","100000","38","5","0","17","17","2","6","0","1","0","0","0","0","0","0","0","0","0","0","0","0","0","0","0","0","0","0","0","0","0","0","0","0","0","1","0","0","0"
"107","深紅長矛","0","$3250","spear","mithril","100000","38","4119","1285","21","21","2","6","1","1","0","0","0","0","0","4","0","0","0","0","0","0","0","50","0","0","0","0","0","0","0","0","0","0","0","1","0","0","0"
"108","失去魔力的惡魔鐮刀","0","$2764","staff","bone","1000","1240","3310","998","0","0","1","0","0","0","0","0","0","0","0","0","0","0","0","0","0","0","0","0","0","0","0","0","0","0","0","0","0","0","0","1","1","0","0"
"109","失去魔力的巴風特魔杖","0","$2766","staff","bone","1000","1255","3264","1000","0","0","1","0","0","0","0","0","0","0","0","0","0","0","0","0","0","0","0","0","0","0","0","0","0","0","0","0","0","0","0","1","1","0","0"
"110","失去魔力的巴列斯魔杖","0","$2768","staff","bone","1000","1257","3265","1002","0","0","1","0","0","0","0","0","0","0","0","0","0","0","0","0","0","0","0","0","0","0","0","0","0","0","0","0","0","0","0","1","1","0","0"
"111","失去魔力的冰之女王魔杖","0","$2754","staff","steel","20000","1239","3262","1094","0","0","1","0","0","0","0","0","0","0","0","0","0","0","0","0","0","0","0","0","0","0","0","0","0","0","0","0","0","0","0","1","1","0","0"
"112","精靈短劍","0","$801","sword","mithril","20000","325","26","0","8","8","1","6","1","1","1","1","1","0","0","0","0","0","0","0","0","0","0","0","0","0","0","0","0","0","0","0","0","15","0","1","0","0","0"
"113","敏捷精靈短劍","0","$802","sword","mithril","20000","325","26","347","8","8","1","6","1","1","1","1","1","0","0","0","0","0","0","1","-1","0","0","-15","0","0","0","0","0","0","0","0","0","15","0","1","0","0","0"
"114","威嚴權杖","0","$4386","blunt","iron","20000","2228","5606","2102","14","16","1","6","1","0","0","0","0","0","0","0","1","0","0","0","0","0","0","0","0","0","0","0","0","0","0","0","0","40","0","1","0","0","0"
"115","水晶魔杖","0","$2080","staff","wood","15000","939","75","711","1","1","1","6","0","0","1","0","0","0","0","0","0","0","0","0","0","0","0","0","0","0","10","0","0","0","0","0","0","0","0","1","0","0","0"
"116","黑法師之杖","0","$3089","staff","steel","15000","1487","3709","1177","1","1","1","6","0","0","1","0","0","0","1","0","0","0","0","0","0","0","0","0","0","0","5","2","0","0","0","0","0","0","0","1","0","0","0"
"117","蕾雅魔杖","0","$3078","staff","wood","15000","1516","3791","1166","1","1","1","6","0","0","1","0","0","0","1","-3","0","0","0","0","0","0","0","0","0","0","10","-2","0","1","0","0","0","0","0","1","0","0","0"
"118","漆黑水晶球","0","$3793","staff","steel","15000","1878","773","1810","1","1","1","6","0","0","1","0","0","0","1","0","0","0","0","0","0","0","2","0","0","0","0","1","0","0","0","0","0","0","0","1","0","0","0"
"119","惡魔鐮刀","0","$2991","staff","bone","1000","1240","3310","1095","1","1","1","0","0","0","1","0","0","0","1","0","0","0","0","0","0","0","0","0","0","0","0","5","0","0","0","0","0","0","0","1","0","0","0"
"120","象牙塔魔杖","0","$3285","staff","wood","15000","83","75","1326","2","2","1","-1","0","0","1","0","0","0","1","0","0","0","0","0","0","0","0","0","0","0","2","1","0","0","0","0","0","0","0","1","1","0","0"
"121","冰之女王魔杖","0","$2990","staff","steel","20000","1239","3262","1094","2","3","1","6","0","0","1","0","0","0","1","-1","0","0","0","0","0","0","0","0","0","0","0","0","0","0","0","0","0","0","0","1","0","0","0"
"122","拉斯塔巴德魔杖","0","$2909","staff","wood","15000","1334","3428","1084","2","3","1","6","0","0","1","0","0","0","1","0","0","0","0","0","0","0","0","0","0","0","8","1","0","0","0","0","0","0","0","1","0","0","0"
"123","巴列斯魔杖","0","$2993","staff","bone","15000","1257","3265","1097","2","3","1","0","0","0","1","0","0","0","1","0","0","0","0","0","0","0","0","0","0","0","10","2","0","0","0","0","0","0","0","1","0","0","0"
"124","巴風特魔杖","0","$2992","staff","bone","15000","1255","3264","1096","2","3","1","0","0","0","1","0","0","0","1","0","0","0","0","0","0","0","0","0","0","0","0","0","0","0","0","0","0","0","0","1","0","0","0"
"125","巫術魔法杖","0","$572","staff","wood","15000","292","75","232","2","3","1","6","0","0","1","0","0","0","1","0","0","0","0","0","0","0","0","0","0","0","0","1","0","0","0","0","0","0","0","1","0","0","0"
"126","瑪那魔杖","0","$1063","staff","wood","15000","293","75","342","3","3","1","6","0","0","1","0","0","0","1","-3","0","0","0","0","0","0","0","0","0","0","0","0","0","0","0","0","0","0","0","1","0","0","0"
"127","鋼鐵瑪那魔杖","0","$2003","staff","iron","30000","293","75","0","3","3","1","6","0","0","1","0","0","0","1","2","0","0","0","0","0","0","0","0","0","0","0","0","0","0","0","0","0","0","0","1","0","0","0"
"128","橡木魔法杖","0","$570","staff","wood","15000","291","75","230","3","4","1","6","1","1","1","1","0","0","1","0","0","0","0","0","0","0","0","0","0","0","0","0","0","0","0","1","0","0","0","1","0","0","0"
"129","美基魔法杖","0","$571","staff","wood","20000","297","75","231","4","5","1","6","0","0","1","0","0","0","1","0","0","0","0","0","0","0","0","0","0","0","0","0","0","0","0","3","0","0","0","1","0","0","0"
"130","紅水晶魔杖","0","$3865","tohandstaff","steel","60000","1919","4980","0","8","8","1","6","0","0","1","0","0","0","1","0","0","0","0","0","1","1","0","0","0","0","5","0","0","0","0","0","0","40","0","1","0","0","0"
"131","力量魔法杖","0","$573","staff","wood","15000","293","75","233","9","9","1","6","0","0","1","0","0","0","1","0","3","3","0","0","0","0","0","0","0","0","0","-2","0","0","0","0","0","0","0","1","0","0","0"
"132","神官魔杖","0","$3847","tohandstaff","silver","70000","1901","4962","0","9","9","1","6","0","0","1","0","0","0","1","0","0","0","0","0","0","0","0","0","0","0","0","0","0","0","0","0","0","0","0","1","0","0","0"
"133","古代人的智慧","0","$2241","staff","wood","5000","1003","75","772","10","10","1","-1","0","0","1","0","0","0","0","0","0","0","0","0","0","0","0","0","0","0","0","0","0","0","0","0","0","50","0","1","1","1","0"
"134","聖晶魔杖","0","$3838","tohandstaff","blackmithril","60000","1953","5006","0","13","15","1","0","0","0","1","0","0","0","1","0","0","0","0","0","0","2","0","0","50","0","12","3","0","0","0","0","0","0","0","1","0","0","0"
"135","不為人知的斧","0","$2761","blunt","bone","0","1227","3307","995","0","0","1","6","0","0","0","0","0","0","0","0","0","0","0","0","0","0","0","0","0","0","0","0","0","0","0","0","0","0","0","1","0","0","0"
"136","斧","0","$1","blunt","steel","60000","1","2","0","3","5","1","6","1","1","1","1","0","1","1","0","0","0","0","0","0","0","0","0","0","0","0","0","0","0","0","0","0","0","0","1","0","0","0"
"137","亞連","0","$14","blunt","steel","10000","8","14","0","4","4","1","6","1","1","0","1","0","1","1","2","0","0","0","0","0","0","0","0","0","0","0","0","0","0","0","0","0","0","0","1","0","0","0"
"138","木棒","0","$69","blunt","steel","30000","31","14","0","6","3","1","6","1","1","1","1","0","1","1","0","0","0","0","0","0","0","0","0","0","0","0","0","0","0","0","0","0","0","0","1","0","0","0"
"139","弗萊爾","0","$74","blunt","steel","15000","42","83","0","6","4","1","6","1","1","1","1","0","1","1","0","0","0","0","0","0","0","0","0","0","0","0","0","0","0","0","0","0","0","0","1","0","0","0"
"140","釘錘","0","$20","blunt","steel","30000","67","60","0","6","8","1","6","1","1","1","1","0","1","1","0","0","0","0","0","0","0","0","0","0","0","0","0","0","0","0","0","0","0","0","1","0","0","0"
"141","戰錘","0","$111","tohandblunt","steel","50000","119","358","0","17","19","1","6","1","1","0","1","0","1","1","0","0","0","0","0","0","0","0","0","0","0","0","0","0","0","0","0","0","0","0","1","0","0","0"
"142","銀斧","0","$1149","tohandblunt","silver","270000","173","358","0","17","24","1","6","1","1","0","0","0","1","1","0","0","0","0","0","0","0","0","0","0","0","0","0","0","0","0","0","0","0","0","1","0","0","0"
"143","戰斧","0","$60","tohandblunt","steel","120000","9","58","0","18","18","1","6","1","1","0","1","0","1","1","0","0","0","0","0","0","0","0","0","0","0","0","0","0","0","0","0","0","0","0","1","0","0","0"
"144","侏儒鐵斧","0","$94","tohandblunt","steel","280000","172","358","0","18","24","1","6","1","1","0","0","0","1","1","0","0","0","0","0","0","0","0","0","0","0","0","0","0","0","0","0","0","0","0","1","0","0","0"
"145","狂戰士斧","0","$418","tohandblunt","steel","200000","439","358","0","19","19","1","6","0","1","0","0","0","1","1","0","0","0","0","0","0","0","0","0","0","0","0","0","0","1","0","0","0","0","0","1","0","0","0"
"146","流星錘","0","$84","blunt","steel","120000","68","68","0","9","10","1","6","1","1","0","1","0","1","1","0","0","0","0","0","0","0","0","0","0","0","0","0","0","0","0","0","0","0","0","1","0","0","0"
"147","象牙塔斧頭","0","$3281","blunt","steel","200000","1","2","1322","18","21","1","-1","1","1","0","0","0","1","1","0","1","0","0","0","0","0","0","0","0","0","0","0","0","0","0","0","0","0","0","1","1","0","0"
"148","巨斧","0","$412","tohandblunt","steel","250000","171","358","0","20","26","1","6","1","1","0","0","0","1","1","0","0","0","0","0","0","0","0","0","0","0","0","0","0","0","0","0","0","0","0","1","0","0","0"
"149","牛人斧頭","0","$2214","tohandblunt","steel","250000","980","3287","0","22","24","1","6","1","1","0","0","0","1","1","0","0","0","0","0","0","0","0","0","0","0","0","0","0","1","0","0","0","0","0","1","0","0","0"
"150","天父之怒","0","$3735","tohandblunt","oriharukon","10000","2009","5059","1704","15","16","1","6","1","0","0","0","0","0","0","0","5","0","0","0","0","0","0","0","0","0","0","0","0","0","0","0","0","0","0","1","0","0","0"
"151","惡魔斧頭","0","$3249","tohandblunt","blackmithril","180000","1627","4110","1284","30","30","1","0","1","1","0","0","0","1","1","-2","0","0","0","0","0","0","0","0","0","0","0","0","0","0","0","0","0","0","0","1","0","0","0"
"152","青銅鋼爪","0","$2458 $2450","claw","iron","20000","1068","2908","862","8","7","1","6","0","0","0","0","1","0","0","2","0","0","0","0","0","0","0","0","0","0","0","0","0","0","33","0","0","0","0","1","0","0","0"
"153","鋼鐵鋼爪","0","$2459 $2450","claw","iron","30000","1091","2914","863","10","8","1","6","0","0","0","0","1","0","0","1","0","0","0","0","0","0","0","0","0","0","0","0","0","0","33","0","0","0","0","1","0","0","0"
"154","暗影鋼爪","0","$2460 $2450","claw","iron","30000","1084","2915","864","12","10","1","6","0","0","0","0","1","0","0","1","0","0","0","0","0","0","0","0","0","0","0","0","0","0","33","0","0","0","0","1","0","0","0"
"155","魔獸軍王之爪","0","$3861","claw","platinum","100000","1915","4976","0","12","12","1","6","0","0","0","0","1","0","0","0","2","0","0","0","0","0","0","0","0","0","0","0","0","0","33","0","0","0","0","1","0","0","0"
"156","象牙塔鋼爪","0","$3287","claw","iron","20000","1073","2914","1328","12","10","1","-1","0","0","0","0","1","0","0","0","1","0","0","0","0","0","0","0","0","0","0","0","0","0","33","0","0","0","0","1","1","0","0"
"157","銀光鋼爪","0","$2454 $2450","claw","silver","20000","1086","2911","850","13","10","1","6","0","0","0","0","1","0","0","0","2","0","0","0","0","0","0","0","0","0","0","0","0","0","33","0","0","0","0","1","0","0","0"
"158","黑暗鋼爪","0","$2452 $2450","claw","steel","20000","1073","2912","847","14","11","1","6","0","0","0","0","1","0","0","0","2","0","0","0","0","0","0","0","0","0","0","0","0","0","33","0","0","0","0","1","0","0","0"
"159","短鋼爪","0","$2461 $2450","claw","iron","25000","1089","2909","865","14","12","1","6","0","0","0","0","1","0","0","2","0","0","0","0","0","0","0","0","0","0","0","0","0","0","33","0","0","0","0","1","0","0","0"
"160","獸王鋼爪","0","$3837","claw","blackmithril","70000","1951","5005","0","25","20","1","0","0","0","0","0","1","0","0","0","10","0","0","2","0","0","0","0","0","0","0","0","0","0","33","0","0","0","0","1","0","0","0"
"161","大馬士革鋼爪","0","$2462 $2450","claw","iron","40000","1070","2916","866","17","13","1","6","0","0","0","0","1","0","0","0","0","0","0","0","0","0","0","0","0","0","0","0","0","0","33","0","0","0","0","1","0","0","0"
"162","幽暗鋼爪","0","$2453 $2450","claw","steel","30000","1065","2910","852","17","15","1","6","0","0","0","0","1","0","0","0","3","0","0","0","0","0","0","0","0","0","0","0","0","0","33","0","0","0","0","1","0","0","0"
"163","巴蘭卡鋼爪","0","$3073","claw","platinum","40000","1534","3850","1161","18","18","1","6","0","0","0","0","1","0","0","0","8","0","0","0","0","0","0","0","0","0","0","0","0","0","33","0","0","0","0","1","0","0","0"
"164","暗黑鋼爪","0","$2456","claw","platinum","40000","1079","2913","855","20","16","1","6","0","0","0","0","1","0","0","2","5","0","0","0","0","0","0","0","0","0","0","0","0","0","33","0","0","0","0","1","0","0","0"
"165","惡魔鋼爪","0","$3377","claw","iron","30000","1721","4318","1413","20","18","1","6","0","0","0","0","1","0","0","0","3","0","0","0","0","0","0","0","0","0","0","0","0","1","33","0","0","0","0","1","0","0","0"
"166","恨之鋼爪","0","$2763","claw","bone","30000","1242","3309","997","26","15","1","0","0","0","0","0","1","0","0","2","5","0","0","0","0","0","0","0","0","0","0","0","0","0","33","0","0","0","0","1","0","0","0"
"167","受封印 被遺忘的弩槍","0","$1958 $1940","bow","wood","50000","278","12","661","1","1","-1","6","0","0","0","1","0","0","1","0","0","0","0","0","0","0","0","0","0","0","0","0","0","0","0","0","1","45","0","1","0","0","0"
"168","黑暗十字弓","0","$2452 $2451","bow","steel","30000","1075","2919","848","2","2","-1","6","0","0","0","1","1","0","1","4","0","0","0","0","0","0","0","0","0","0","0","0","0","0","0","0","0","0","0","1","0","0","0"
"169","獵人之弓","0","$1244","bow","wood","30000","279","12","0","2","2","-1","6","1","1","1","1","0","0","1","5","1","0","0","0","0","0","0","0","0","0","0","0","0","0","0","0","0","0","0","1","0","0","0"
"170","精靈弓","0","$64","bow","wood","30000","18","12","0","2","2","-1","6","0","0","0","1","0","0","1","0","1","0","0","0","0","0","0","0","0","0","0","0","0","0","0","0","0","0","0","1","0","0","0"
"171","歐西斯弓","0","$65","bow","wood","30000","19","12","0","2","2","-1","6","1","1","1","1","0","0","1","0","-1","0","0","0","0","0","0","0","0","0","0","0","0","0","0","0","0","0","0","1","0","0","0"
"172","弓","0","$24","bow","wood","30000","278","12","0","2","2","-1","6","1","1","1","1","0","0","1","0","0","0","0","0","0","0","0","0","0","0","0","0","0","0","0","0","0","0","0","1","0","0","0"
"173","短弓","0","$759","bow","wood","30000","20","12","0","2","2","-1","6","1","1","1","1","0","0","1","0","-1","0","0","0","0","0","0","0","0","0","0","0","0","0","0","0","0","0","0","1","0","0","0"
"174","象牙塔石弓","0","$3284","bow","wood","50000","18","12","1325","2","2","-1","-1","0","1","0","1","1","0","1","1","0","0","0","0","0","0","0","0","0","0","0","0","0","0","0","0","0","0","0","1","1","0","0"
"175","象牙塔長弓","0","$3283","bow","wood","40000","278","12","1324","2","2","-1","-1","0","0","0","1","0","0","1","0","1","0","0","0","0","0","0","0","0","0","0","0","0","0","0","0","0","0","0","1","1","0","0"
"176","拉斯塔巴德弓","0","$2907","bow","steel","50000","1326","3423","1081","2","2","-1","6","1","1","0","1","0","0","1","2","2","0","0","0","0","0","0","0","0","0","0","0","0","0","0","0","0","0","0","1","0","0","0"
"177","幽暗十字弓","0","$2453 $2451","bow","steel","40000","1066","2918","853","3","2","-1","6","0","0","0","1","1","0","1","5","2","0","0","0","0","0","0","0","0","0","0","0","0","0","0","0","0","0","0","1","0","0","0"
"178","寂靜十字弓","0","$3792","singlebow","wood","50000","1873","4761","1809","3","2","-1","6","0","0","0","1","0","0","1","1","1","0","0","0","0","0","0","0","0","0","0","0","0","0","0","0","0","0","0","1","0","0","0"
"179","古代妖精弩槍","0","$2771","singlebow","wood","30000","1251","3313","1005","3","3","-1","6","0","0","0","1","0","0","0","1","2","0","0","1","0","0","0","0","0","0","0","0","0","0","0","0","0","0","0","1","0","0","0"
"180","十字弓","0","$784","bow","wood","50000","305","12","0","3","2","-1","6","0","1","0","1","1","0","1","3","2","0","0","0","0","0","0","0","0","0","0","0","0","0","0","0","0","0","0","1","0","0","0"
"181","尤米弓","0","$105","bow","wood","40000","123","12","0","3","3","-1","6","0","0","0","1","0","0","1","0","3","0","0","0","0","0","0","0","0","0","0","0","0","0","0","0","0","0","0","1","0","0","0"
"182","古老的弩槍","0","$1952","singlebow","wood","30000","896","12","673","3","3","-1","6","0","0","0","1","1","0","1","5","2","0","0","0","0","0","0","0","0","0","0","0","0","0","0","0","0","45","0","1","0","0","0"
"183","幻象之弓","0","$1999","bow","wood","40000","931","12","0","3","3","-1","4","1","1","1","1","0","0","0","0","0","0","0","0","0","0","0","0","0","0","0","0","0","0","0","0","0","0","0","3","0","0","0"
"184","赤焰之弓","0","$2352","bow","silver","30000","1018","12","789","3","3","-1","6","0","0","0","1","0","0","0","2","4","0","0","0","0","0","0","0","0","0","0","0","0","0","0","0","0","50","0","1","1","0","0"
"185","惡魔十字弓","0","$3374","singlebow","steel","30000","1719","4316","1410","3","3","-1","6","0","0","0","1","0","0","0","2","4","0","0","0","0","0","0","0","0","0","0","0","0","1","0","0","0","0","0","1","0","0","0"
"186","狄亞得十字弓","0","$3112","bow","wood","50000","1513","3735","1200","3","3","-1","6","0","0","0","1","1","0","1","2","1","0","0","1","0","0","0","0","0","0","0","0","0","0","0","0","0","0","0","1","0","0","0"
"187","拉斯塔巴德十字弓","0","$2915","bow","wood","70000","1336","3436","1082","3","3","-1","6","0","0","0","1","1","0","0","2","2","0","0","0","0","0","0","0","0","0","0","0","0","0","0","0","0","0","0","1","0","0","0"
"188","拉斯塔巴德重十字弓","0","$2908","bow","wood","100000","1328","3424","1083","3","3","-1","6","0","0","0","1","0","0","1","2","3","0","0","0","0","0","0","0","0","0","0","0","0","0","0","0","0","0","0","1","0","0","0"
"189","暗黑十字弓","0","$2457","bow","platinum","50000","1080","2920","856","4","3","-1","6","0","0","0","1","1","0","1","1","6","0","0","0","0","0","0","0","0","0","0","0","0","0","0","0","0","0","0","1","0","0","0"
"190","沙哈之弓","0","$1821","bow","wood","30000","705","12","0","4","4","-1","6","0","0","0","1","0","0","0","2","4","0","0","0","0","0","0","0","0","0","0","0","0","0","0","0","0","0","0","1","0","0","0"
"191","水之豎琴","0","$3736","bow","oriharukon","30000","2005","5055","1705","5","5","-1","6","0","0","0","1","0","0","0","8","8","0","0","0","0","0","0","0","0","0","0","0","0","0","0","0","0","52","0","1","0","0","0"
"192","水精靈之弓","0","$2252","bow","wood","5000","1008","12","771","10","9","-1","-1","0","0","0","1","0","0","0","0","0","0","0","0","0","0","0","0","0","0","0","0","0","0","0","0","0","50","0","1","1","0","0"
"193","鐵手甲","0","$2464","gauntlet","steel","20000","1095","2921","868","2","2","-1","6","0","0","0","0","1","1","0","1","0","0","0","0","0","0","0","0","0","0","0","0","0","0","0","0","0","0","0","1","0","0","0"
"194","真鐵手甲","0","$2626","gauntlet","steel","40000","1095","2921","868","2","2","-1","6","0","0","0","0","1","1","0","3","1","0","0","0","0","0","0","0","0","0","0","0","0","0","0","0","0","0","0","1","0","0","0"
"195","受詛咒的真．冥皇執行劍","0","$4338","sword","iron","100000","1341","3441","0","19","12","1","6","1","1","0","0","0","1","0","4","0","0","0","0","0","0","0","0","0","0","0","0","0","0","0","0","0","50","0","1","0","0","0"
"196","炎魔的雙手劍 Lv.1","0","$4423","tohandsword","blackmithril","60000","2268","5426","0","6","8","1","0","1","1","0","0","0","1","0","4","1","0","0","0","0","0","0","0","0","0","0","0","0","0","0","0","0","0","0","1","1","0","0"
"197","炎魔的雙手劍 Lv.2","0","$4423","tohandsword","blackmithril","60000","2268","5426","0","7","9","1","0","1","1","0","0","0","1","0","5","2","0","0","0","0","0","0","0","0","0","0","0","0","0","0","0","0","0","0","1","1","0","0"
"198","炎魔的雙手劍 Lv.3","0","$4423","tohandsword","blackmithril","60000","2268","5426","0","8","10","1","0","1","1","0","0","0","1","0","6","3","0","0","0","0","0","0","0","0","0","0","0","0","0","0","0","0","0","0","1","1","0","0"
"199","炎魔的雙手劍 Lv.4","0","$4423","tohandsword","blackmithril","60000","2268","5426","0","9","11","1","0","1","1","0","0","0","1","0","7","4","0","0","0","0","0","0","0","0","0","0","0","0","0","0","0","0","0","0","1","1","0","0"
"200","炎魔的雙手劍 Lv.5","0","$4423","tohandsword","blackmithril","60000","2268","5426","0","10","12","1","0","1","1","0","0","0","1","0","8","5","0","0","0","0","0","0","0","0","0","0","0","0","0","0","0","0","0","0","1","1","0","0"
"201","炎魔的雙手劍 Lv.6","0","$4423","tohandsword","blackmithril","60000","2268","5426","0","11","13","1","0","1","1","0","0","0","1","0","9","6","0","0","0","0","0","0","0","0","0","0","0","0","0","0","0","0","0","0","1","1","0","0"
"202","炎魔的雙手劍 Lv.7","0","$4423","tohandsword","blackmithril","60000","2268","5426","0","12","14","1","0","1","1","0","0","0","1","0","10","7","0","0","0","0","0","0","0","0","0","0","0","0","0","0","0","0","0","0","1","1","0","0"
"203","炎魔的雙手劍 Lv.8","0","$4423","tohandsword","blackmithril","60000","2268","5426","0","13","15","1","0","1","1","0","0","0","1","0","11","8","0","0","0","0","0","0","0","0","0","0","0","0","0","0","0","0","0","0","1","1","0","0"
"204","深紅之弩","0","$4387","bow","iron","25000","2230","5601","2103","3","3","-1","6","0","0","0","1","0","0","0","1","0","0","0","0","0","0","0","0","0","0","0","0","0","0","0","0","0","40","0","1","0","0","0"
"205","熾炎天使弓","0","$4350","bow","wood","25000","2168","5402","0","4","4","-1","6","0","0","0","1","0","0","0","3","4","0","0","0","0","0","0","0","0","0","0","0","0","0","0","0","0","0","0","1","0","0","0"
"206","黑暗精靈之劍","0","$2536","sword","iron","40000","1145","2981","0","7","8","1","0","0","0","0","0","1","0","0","0","0","0","0","0","0","0","0","0","0","0","0","0","0","0","0","0","1","0","0","1","0","0","0"
"207","煉獄鋼爪","0","$4384","claw","blackmithril","50000","2225","5605","2100","14","12","1","0","0","0","0","0","1","0","0","-5","4","0","0","0","0","0","0","0","0","0","0","0","0","0","33","0","0","0","0","1","0","0","0"
"208","魔法精靈短劍","0","$803","sword","mithril","20000","325","26","286","8","8","1","6","1","1","1","1","1","1","0","0","0","0","0","0","0","0","0","-15","0","0","0","1","0","0","0","0","1","15","0","1","0","0","0"
"209","體質精靈短劍","0","$1098","sword","mithril","20000","325","26","346","8","8","1","6","1","1","1","1","1","1","0","0","0","0","1","0","0","0","0","0","0","0","0","0","0","0","0","0","1","15","0","1","0","0","0"
"210","守護者之矛","0","$4429","spear","platinum","50000","2200","5504","0","11","26","2","6","1","1","1","1","0","0","0","3","0","0","0","0","0","0","0","80","0","0","0","0","0","0","0","0","0","0","0","1","1","0","0"
"211","獨角獸之角","0","$103","singlespear","bone","100000","113","5","0","12","12","2","6","1","0","0","1","0","0","0","0","0","0","0","0","0","0","0","0","0","0","0","0","0","0","0","0","1","0","0","1","0","0","0"
"212","海神三叉戟","0","$4385","spear","iron","40000","2226","5607","2101","20","22","2","6","1","1","0","0","0","0","0","4","1","0","0","0","0","0","0","0","0","0","0","0","0","0","0","0","0","0","0","1","0","0","0"
"213","吉爾塔斯魔杖","0","$4376","tohandstaff","blackmithril","100000","2161","5404","0","15","15","1","0","0","0","1","0","0","0","0","0","0","0","0","0","2","2","0","0","0","0","15","0","0","0","0","0","0","0","0","1","0","0","0"
"214","ID．妖精弓","0","$3997","bow","wood","30000","18","12","1852","3","3","-1","6","0","0","0","1","0","0","0","2","2","0","0","0","0","0","0","0","0","0","0","0","0","0","0","0","0","0","0","1","0","0","0"
"215","敏捷精靈弓","0","$1099","bow","wood","30000","18","12","347","2","2","-1","6","1","1","1","1","0","0","1","0","1","0","0","1","0","0","0","0","0","0","0","0","0","0","0","0","0","15","0","1","0","0","0"
"216","妖精之弓","0","$1766","bow","wood","30000","18","12","0","2","2","-1","0","0","0","0","1","0","0","0","0","1","0","0","0","0","0","0","0","0","0","0","0","0","0","0","0","0","0","0","1","0","0","0"
"217","吉爾塔斯之劍","0","$4375","tohandsword","blackmithril","100000","2160","5316","0","43","53","1","0","0","1","0","0","0","0","0","7","30","2","1","0","0","0","2","0","0","0","0","0","0","0","0","0","0","0","0","1","0","0","0"
"218","安加斯的釘錘","0","$4442","tohandblunt","platinum","120000","2213","5493","0","26","26","1","6","1","1","0","0","0","1","1","0","0","0","0","0","0","0","0","0","0","0","0","0","0","1","0","0","0","0","0","1","1","0","0"
"219","馬普勒的懲罰","0","$2208","tohandblunt","iron","250000","1145","2981","0","16","18","1","6","1","1","0","0","0","0","0","0","0","0","0","0","0","0","0","0","0","0","0","0","0","0","0","0","0","0","0","1","0","0","0"
"220","法師之杖","0","$1770","staff","wood","60000","1145","2981","0","4","5","1","0","0","0","0","0","0","0","0","0","0","0","0","0","0","0","0","0","0","0","0","0","0","0","0","0","0","0","0","1","0","0","0"
"223","神秘魔杖","0","$2079","staff","wood","11000","1145","2981","0","0","0","1","0","0","0","1","0","0","0","0","0","0","0","0","0","0","0","0","0","0","0","0","0","0","0","0","0","0","0","0","1","0","0","0"
"224","象牙塔魔杖","0","$3285","staff","wood","15000","83","75","1326","2","2","1","-1","0","0","1","0","0","0","1","0","0","0","0","0","0","0","0","0","0","0","3","0","0","0","0","0","0","0","0","1","0","0","0"
"225","王族之劍","0","$1762","sword","iron","40000","1145","2981","0","7","8","1","0","1","0","0","1","0","0","0","0","0","0","0","0","0","0","0","0","0","0","0","0","0","0","0","0","1","0","0","1","0","0","0"
"226","騎士之劍","0","$2293","sword","iron","40000","1145","2981","0","8","8","1","0","0","1","0","0","0","0","0","0","0","0","0","0","0","0","0","0","0","0","0","0","0","0","0","0","1","0","0","1","0","0","0"
"228","聖戰士匕首","0","$3612","dagger","silver","30000","1795","4413","0","8","8","1","6","1","1","1","1","1","0","0","0","0","0","0","0","0","0","0","0","0","0","0","0","0","0","0","0","0","0","0","1","0","0","0"
"231","蒼天短劍","0","$5122","dagger","steel","40000","2524","68","0","8","6","1","-1","1","1","1","1","1","0","0","12","5","0","0","0","0","0","0","0","0","0","0","0","0","0","0","0","1","0","0","1","1","0","300000"
"232","蒼天之劍","0","$5117","sword","steel","20000","2523","26","0","12","12","1","-1","1","1","0","1","0","1","0","2","5","0","0","0","0","0","0","0","0","0","0","0","0","0","0","0","1","0","0","1","1","0","0"
"233","蒼天巨劍","0","$5118","tohandsword","steel","90000","2525","82","0","18","20","1","-1","1","1","0","0","0","1","0","1","6","0","0","0","0","0","0","0","0","0","0","0","0","0","0","0","1","0","0","1","1","0","0"
"234","蒼天之矛","0","$5121","singlespear","steel","90000","2529","27","0","12","14","2","-1","1","1","0","0","0","0","0","0","5","0","0","0","0","0","0","0","0","0","0","0","0","0","0","0","1","0","0","1","1","0","0"
"235","蒼天之斧","0","$5119","blunt","steel","80000","2526","2","0","14","10","1","-1","1","1","0","0","0","1","1","0","5","0","0","0","0","0","0","0","0","0","0","0","0","0","0","0","1","0","0","1","1","0","0"
"236","蒼天雙刀","0","$5123","edoryu","steel","60000","2527","2923","0","16","10","1","-1","0","0","0","0","1","0","0","2","5","0","0","0","0","0","0","0","0","0","0","0","0","0","25","0","0","0","0","1","1","0","0"
"237","蒼天鋼爪","0","$5124","claw","steel","60000","2530","2914","0","18","14","1","-1","0","0","0","0","1","0","0","0","6","0","0","0","0","0","0","0","0","0","0","0","0","0","33","0","0","0","0","1","1","0","0"
"238","蒼天魔杖","0","$5125","staff","steel","80000","2528","75","0","8","5","1","-1","0","0","1","0","0","0","1","0","5","0","0","0","0","0","0","0","0","0","8","1","0","0","0","0","0","0","0","1","1","0","0"
"239","蒼天之弓","0","$5120","bow","steel","60000","2531","12","0","3","3","-1","-1","1","0","0","1","0","0","1","2","8","0","0","0","0","0","0","0","0","0","0","0","0","0","0","0","0","0","0","1","1","0","0"
"240","蒼天鐵手甲","0","$5126","gauntlet","steel","60000","2522","2921","868","3","3","-1","-1","0","0","0","0","1","0","0","4","5","0","0","0","0","0","0","0","0","0","0","0","0","0","0","0","0","0","0","1","1","0","0"
"241","歷戰之劍","0","$10277","sword","oriharukon","60000","902","26","0","10","12","1","-1","1","1","1","1","1","1","1","4","7","0","0","0","0","0","0","0","0","0","0","0","0","0","0","0","0","0","0","1","0","0","0"
"242","歷戰十字弓","0","$10274","singlebow","oriharukon","50000","1873","4761","0","3","2","-1","-1","0","0","0","1","0","0","0","3","8","0","0","0","0","0","0","0","0","0","0","0","0","0","0","0","0","0","0","1","0","0","0"
"243","歷戰魔杖","0","$10276","staff","oriharukon","15000","291","75","0","1","1","1","-1","0","0","1","0","0","0","0","0","0","0","0","0","0","0","0","0","0","0","10","0","0","0","0","0","0","0","0","1","0","0","0"
"244","歷戰鋼爪","0","$10275","claw","steel","30000","1065","2910","0","17","15","1","-1","0","0","0","0","1","0","0","4","10","0","0","0","0","0","0","0","0","0","0","0","0","0","33","0","0","0","0","1","0","0","0"
"245","精靈叮叮錘","0","$4962","blunt","leather","50000","2509","6008","0","1","1","1","6","1","1","1","1","1","1","1","0","0","0","0","0","0","0","0","0","0","0","0","0","0","0","0","0","0","0","0","1","0","0","0"
"246","試煉之劍","0","$4046","sword","iron","40000","932","26","1866","10","10","1","5","1","1","1","1","1","1","1","0","0","0","0","0","0","0","0","0","0","0","0","0","0","0","0","0","0","0","0","1","1","0","0"
"247","試煉之劍","0","$4046","sword","iron","40000","932","26","1867","10","10","1","5","1","1","1","1","1","1","1","0","0","0","0","0","0","0","0","0","0","0","0","0","0","0","0","0","0","0","0","1","1","0","0"
"248","試煉之劍","0","$4046","sword","iron","40000","932","26","1868","10","10","1","5","1","1","1","1","1","1","1","0","0","0","0","0","0","0","0","0","0","0","0","0","0","0","0","0","0","0","0","1","1","0","0"
"249","試煉之劍","0","$4046","sword","iron","40000","932","3963","1869","10","10","1","5","1","1","1","1","1","1","1","0","0","0","0","0","0","0","0","0","0","0","0","0","0","0","0","0","0","0","0","1","1","0","0"
"256","萬聖節南瓜長劍(韓)","0","南瓜長劍","sword","wood","35000","2651","6401","2791","10","10","1","6","1","1","1","1","1","1","0","3","1","0","0","0","0","0","0","0","0","0","0","0","0","0","0","0","0","0","0","1","0","0","0"
"257","萬聖節南瓜長劍(日)","0","南瓜長劍","sword","wood","35000","2651","6401","6028","10","10","1","6","1","1","1","1","1","1","0","0","1","0","0","0","0","0","0","0","0","0","0","0","0","0","0","0","1","0","0","1","0","0","0"
"258","終極萬聖節南瓜長劍","0","南瓜長劍","sword","wood","35000","3233","6401","6030","8","8","1","6","1","1","1","1","1","1","0","0","3","0","0","0","0","0","0","0","0","0","0","0","0","0","0","0","0","0","0","1","0","0","0"
"259","魔力短劍","0","$5486","dagger","mithril","30000","2913","6736","3015","5","4","1","6","1","1","1","1","1","0","0","0","1","0","0","0","0","0","0","0","1","0","0","0","0","0","0","0","1","0","0","1","0","0","0"
"260","狂風之斧","0","$5487","tohandblunt","steel","130000","2909","6734","3016","25","25","1","6","0","1","0","0","0","1","1","0","0","0","0","0","0","0","0","0","0","0","0","0","0","0","0","0","0","0","0","1","0","0","0"
"261","大法師魔仗","0","$5489","staff","wood","20000","2915","6737","3018","12","12","1","6","0","0","1","0","0","0","1","5","0","0","0","0","0","0","0","0","0","0","0","0","0","0","0","0","1","0","0","1","0","0","0"
"262","毀滅巨劍","0","$5488","tohandsword","steel","150000","2917","6738","3017","19","18","1","6","1","1","0","0","0","1","0","0","3","0","0","0","0","0","0","0","0","0","0","0","0","0","0","0","1","0","0","1","0","0","0"
"263","酷寒之矛","0","$5490","spear","steel","80000","2919","6739","3019","15","15","2","6","1","1","1","1","0","0","0","0","1","0","0","0","0","0","0","0","0","0","0","0","0","0","0","0","1","0","0","1","0","0","0"
"264","雷雨之劍","0","$5491","sword","blackmithril","40000","2911","6735","3020","13","12","1","6","1","1","0","1","1","1","0","1","1","0","0","0","0","0","0","0","0","0","0","0","0","0","0","0","1","0","0","1","0","0","0"
"265","底比斯歐西裡斯雙刀","0","$5718","edoryu","gold","30000","3049","6957","3263","16","11","1","6","0","0","0","0","1","0","0","0","1","0","1","0","0","1","0","0","0","0","0","0","0","0","25","0","0","0","0","1","0","0","0"
"266","底比斯歐西裡斯雙手劍","0","$5719","tohandsword","gold","100000","3047","6956","3264","21","26","1","6","1","1","0","0","0","1","0","5","0","1","2","0","0","0","0","0","0","0","0","0","0","0","0","0","1","0","0","1","0","0","0"
"267","底比斯歐西裡斯弓","0","$5720","bow","gold","5000","3053","6959","3265","3","3","-1","6","0","0","0","1","0","0","0","0","1","0","0","0","2","1","0","0","0","0","0","0","0","0","0","0","0","0","0","1","0","0","0"
"268","底比斯歐西裡斯魔杖","0","$5721","tohandstaff","gold","5000","3051","6958","3266","20","18","1","6","0","0","1","0","0","0","1","0","3","2","0","0","0","0","0","0","0","0","7","2","0","0","0","0","0","0","0","1","0","0","0"
"269","幻術士魔杖","0","$5661","staff","wood","15000","3016","6966","0","10","10","1","6","0","0","0","0","0","0","1","3","0","0","0","0","0","0","0","0","0","0","5","0","0","0","0","0","0","0","0","1","0","0","0"
"270","藍寶石奇古獸","0","$5662","kiringku","gemstone","10000","3018","6939","0","26","26","1","6","0","0","0","0","0","0","1","0","0","0","0","0","0","0","0","0","20","0","0","0","0","0","0","0","0","50","0","1","0","0","0"
"271","黑曜石奇古獸","0","$5663","kiringku","gemstone","10000","3020","6967","0","24","24","1","6","0","0","0","0","0","0","1","0","0","0","0","0","0","1","0","0","0","0","0","1","0","0","0","0","0","0","0","1","0","0","0"
"272","消滅者鎖鏈劍","0","$5668","chainsword","silver","100000","3033","6940","0","16","10","2","6","0","0","0","0","0","1","0","2","7","0","0","0","0","0","0","0","0","0","0","0","0","0","0","0","0","50","0","1","0","0","0"
"273","破滅者鎖鏈劍","0","$5669","chainsword","iron","110000","3056","6962","0","19","17","2","6","0","0","0","0","0","1","0","2","10","1","0","0","0","0","0","0","0","0","0","0","0","0","0","0","0","0","0","1","0","0","0"
"274","反王肯恩的權杖","KenRauhelBaton","$5631","staff","gold","40000","1020","781","3173","16","12","1","-1","0","0","0","0","0","0","1","5","2","0","0","0","0","0","0","0","0","0","0","0","0","0","0","0","0","0","0","1","1","0","0"
"275","龍騎士雙手劍","0","$5664","tohandsword","iron","80000","3022","6940","3219","19","17","1","6","0","0","0","0","0","1","0","4","2","0","0","0","0","0","0","0","0","0","0","0","0","0","0","0","1","0","0","1","0","0","0"
"100004","匕首","0","$70","dagger","iron","10000","35","68","0","4","2","1","6","1","1","1","1","1","0","0","2","0","0","0","0","0","0","0","0","0","0","0","0","0","0","0","0","1","0","0","0","0","0","0"
"100005","精靈匕首","0","$12","dagger","mithril","10000","33","68","0","4","3","1","6","1","1","1","1","1","0","0","2","0","0","0","0","0","0","0","0","0","0","0","0","0","0","0","0","1","0","0","0","0","0","0"
"100008","米索莉短劍","0","$3248","dagger","mithril","50000","1629","4112","1283","6","5","1","6","1","1","1","1","1","0","0","0","0","0","0","0","0","0","0","0","0","0","3","1","0","0","0","0","1","0","0","0","0","0","0"
"100009","奧裡哈魯根短劍","0","$3247","dagger","oriharukon","50000","1635","4118","1282","7","7","1","6","1","1","1","1","1","0","0","0","2","0","0","0","0","0","0","0","0","0","0","0","0","0","0","0","0","0","0","0","0","0","0"
"100025","銀劍","0","$1148","sword","silver","40000","156","26","0","7","7","1","6","1","1","1","1","1","1","0","0","0","0","0","0","0","0","0","0","0","0","0","0","0","0","0","0","1","0","0","0","0","0","0"
"100027","彎刀","0","$92","sword","iron","40000","90","76","0","8","8","1","6","1","1","1","1","1","1","0","0","0","0","0","0","0","0","0","0","0","0","0","0","0","0","0","0","1","0","0","0","0","0","0"
"100028","精靈短劍","0","$98","sword","mithril","20000","325","26","284","8","8","1","6","1","1","1","1","1","1","0","0","0","0","0","0","0","0","0","0","0","0","0","0","0","0","0","0","1","0","0","0","0","0","0"
"100029","銀長劍","0","$1147","sword","silver","50000","163","356","0","8","12","1","6","1","1","1","1","1","1","0","0","0","0","0","0","0","0","0","0","0","0","0","0","0","0","0","0","1","0","0","0","0","0","0"
"100037","大馬士革刀","0","$598","sword","iron","45000","298","3","235","10","11","1","6","1","1","0","1","1","1","0","0","0","0","0","0","0","0","0","0","0","0","0","0","0","0","0","0","0","0","0","0","0","0","0"
"100041","武士刀","0","$16","sword","iron","40000","58","26","0","10","12","1","6","1","1","0","1","1","1","0","1","0","0","0","0","0","0","0","0","0","0","0","0","0","0","0","0","1","0","0","0","0","0","0"
"100042","細劍","0","$789","sword","oriharukon","60000","104","3","0","11","6","1","6","0","1","0","1","1","1","0","0","0","0","0","0","0","0","0","0","0","0","0","0","0","0","0","0","1","0","0","0","0","0","0"
"100049","武官之刃","0","$3840","sword","iron","120000","1894","4955","0","13","10","1","6","1","1","0","1","0","1","0","1","2","0","0","0","0","0","0","0","0","0","0","0","0","0","0","0","1","0","0","0","0","0","0"
"100052","雙手劍","0","$3","tohandsword","iron","150000","4","59","0","17","21","1","6","1","1","0","0","0","1","0","0","0","0","0","0","0","0","0","0","0","0","0","0","0","0","0","0","1","0","0","0","0","0","0"
"100057","瑟魯基之劍","0","$17","sword","steel","120000","112","3","0","16","10","1","6","0","1","0","0","0","1","0","2","0","0","0","0","0","0","0","0","0","0","0","0","0","0","0","0","1","0","0","0","0","0","0"
"100062","武官雙手劍","0","$3839","tohandsword","iron","150000","1893","4954","0","19","23","1","6","0","1","0","0","0","1","0","1","5","0","0","0","0","0","0","0","0","0","0","0","0","0","0","0","1","0","0","0","0","0","0"
"100064","巨劍","0","$1048","tohandsword","iron","150000","463","3","0","20","17","1","6","1","1","0","0","0","1","0","0","0","0","0","0","0","0","0","0","0","0","0","0","0","0","0","0","1","0","0","0","0","0","0"
"100074","銀光雙刀","0","$2454 $2449","edoryu","silver","20000","1085","2926","849","11","8","1","6","0","0","0","0","1","0","0","3","0","0","0","0","0","0","0","0","0","0","0","0","0","0","25","0","1","0","0","0","0","0","0"
"100084","暗黑雙刀","0","$2455","edoryu","platinum","40000","1078","2928","854","17","13","1","6","0","0","0","0","1","0","0","4","3","0","0","0","0","0","0","0","0","0","0","0","0","0","25","0","0","0","0","0","0","0","0"
"100095","槍","0","$81","singlespear","steel","180000","60","71","0","6","8","2","6","1","1","0","0","0","0","0","0","0","0","0","0","0","0","0","0","0","0","0","0","0","0","0","0","1","0","0","0","0","0","0"
"100098","闊矛","0","$75","spear","steel","75000","45","5","0","12","16","2","6","1","1","0","1","0","0","0","0","0","0","0","0","0","0","0","0","0","0","0","0","0","0","0","0","1","0","0","0","0","0","0"
"100099","精靈之矛","0","$95","singlespear","mithril","30000","99","5","0","7","8","2","6","1","1","1","1","0","0","0","0","0","0","0","0","0","0","0","0","0","0","0","0","0","0","0","0","1","0","0","0","0","0","0"
"100102","露西錘","0","$83","spear","steel","150000","66","5","0","15","17","2","6","1","1","0","0","0","0","0","3","0","0","0","0","0","0","0","0","0","0","0","0","0","0","0","0","0","0","0","0","0","0","0"
"100103","戟","0","$77","spear","steel","150000","50","5","0","16","12","2","6","1","1","0","0","0","0","0","0","0","0","0","0","0","0","0","0","0","0","0","0","0","0","0","0","0","0","0","0","0","0","0"
"100107","深紅長矛","0","$3250","spear","mithril","100000","38","4119","1285","21","21","2","6","1","1","0","0","0","0","0","4","0","0","0","0","0","0","0","50","0","0","0","0","0","0","0","0","0","0","0","0","0","0","0"
"100114","威嚴權杖","0","$4386","blunt","iron","20000","2228","5606","2102","14","16","1","6","1","0","0","0","0","0","0","0","1","0","0","0","0","0","0","0","0","0","0","0","0","0","0","0","0","40","0","0","0","0","0"
"100132","神官魔杖","0","$3847","tohandstaff","silver","70000","1901","75","0","9","9","1","6","0","0","1","0","0","0","1","0","0","0","0","0","0","0","0","0","0","0","0","0","0","0","0","0","0","0","0","0","0","0","0"
"100143","戰斧","0","$60","tohandblunt","steel","120000","9","58","0","18","18","1","6","1","1","0","1","0","1","1","0","0","0","0","0","0","0","0","0","0","0","0","0","0","0","0","0","0","0","0","0","0","0","0"
"100146","流星錘","0","$84","blunt","steel","120000","68","68","0","9","10","1","6","1","1","0","1","0","1","1","0","0","0","0","0","0","0","0","0","0","0","0","0","0","0","0","0","0","0","0","0","0","0","0"
"100151","惡魔斧頭","0","$3249","tohandblunt","blackmithril","180000","1627","4110","1284","30","30","1","0","1","1","0","0","0","1","1","-2","0","0","0","0","0","0","0","0","0","0","0","0","0","0","0","0","0","0","0","0","0","0","0"
"100157","銀光鋼爪","0","$2454 $2450","claw","silver","20000","1086","2911","850","13","10","1","6","0","0","0","0","1","0","0","0","2","0","0","0","0","0","0","0","0","0","0","0","0","0","33","0","0","0","0","0","0","0","0"
"100164","暗黑鋼爪","0","$2456","claw","platinum","40000","1079","2913","855","20","16","1","6","0","0","0","0","1","0","0","2","5","0","0","0","0","0","0","0","0","0","0","0","0","0","33","0","0","0","0","0","0","0","0"
"100169","獵人之弓","0","$1244","bow","wood","30000","279","12","0","2","2","-1","6","1","1","1","1","0","0","1","5","1","0","0","0","0","0","0","0","0","0","0","0","0","0","0","0","0","0","0","0","0","0","0"
"100170","精靈弓","0","$64","bow","wood","30000","18","12","0","2","2","-1","6","0","0","0","1","0","0","1","0","1","0","0","0","0","0","0","0","0","0","0","0","0","0","0","0","0","0","0","0","0","0","0"
"100172","弓","0","$24","bow","wood","30000","278","12","0","2","2","-1","6","1","1","1","1","0","0","1","0","0","0","0","0","0","0","0","0","0","0","0","0","0","0","0","0","0","0","0","0","0","0","0"
"100180","十字弓","0","$784","bow","wood","50000","305","12","0","3","2","-1","6","0","1","0","1","1","0","1","3","2","0","0","0","0","0","0","0","0","0","0","0","0","0","0","0","0","0","0","0","0","0","0"
"100181","尤米弓","0","$105","bow","wood","40000","123","12","0","3","3","-1","6","0","0","0","1","0","0","1","0","3","0","0","0","0","0","0","0","0","0","0","0","0","0","0","0","0","0","0","0","0","0","0"
"100189","暗黑十字弓","0","$2457","bow","platinum","50000","1080","2920","856","4","3","-1","6","0","0","0","1","1","0","1","1","6","0","0","0","0","0","0","0","0","0","0","0","0","0","0","0","0","0","0","0","0","0","0"
"100204","深紅之弩","0","$4387","bow","iron","25000","2230","5601","2103","3","3","-1","6","0","0","0","1","0","0","0","1","0","0","0","0","0","0","0","0","0","0","0","0","0","0","0","0","0","40","0","0","0","0","0"
"100207","煉獄鋼爪","0","$4384","claw","blackmithril","50000","2225","5605","2100","14","12","1","0","0","0","0","0","1","0","0","-5","4","0","0","0","0","0","0","0","0","0","0","0","0","0","33","0","0","0","0","0","0","0","0"
"100212","海神三叉戟","0","$4385","spear","iron","40000","2226","5607","2101","20","22","2","6","1","1","0","0","0","0","0","4","1","0","0","0","0","0","0","0","0","0","0","0","0","0","0","0","0","0","0","0","0","0","0"
"200001","歐西斯匕首","0","$13","dagger","iron","10000","34","68","0","2","3","1","6","1","1","1","1","1","0","0","2","0","0","0","0","0","0","0","0","0","0","0","0","0","0","0","0","1","0","0","2","0","0","0"
"200002","骰子匕首","0","$416","dagger","iron","10000","144","354","142","1","3","1","6","1","1","1","1","1","0","0","-1","0","0","0","0","0","0","0","0","0","0","0","0","0","0","0","0","1","0","0","2","0","0","0"
"200027","彎刀","0","$92","sword","iron","40000","90","76","0","8","8","1","6","1","1","1","1","1","1","0","0","0","0","0","0","0","0","0","0","0","0","0","0","0","0","0","0","1","0","0","2","0","0","0"
"200032","侵略者之劍","0","$415","sword","iron","40000","151","355","0","9","11","1","6","1","1","1","1","1","1","0","0","0","0","0","0","0","0","0","0","0","0","0","0","0","0","0","0","1","0","0","2","0","0","0"
"200041","武士刀","0","$16","sword","iron","40000","58","26","0","10","12","1","6","1","1","0","1","1","1","0","1","0","0","0","0","0","0","0","0","0","0","0","0","0","0","0","0","1","0","0","2","0","0","0"
"200052","雙手劍","0","$3","tohandsword","iron","150000","4","59","0","17","21","1","6","1","1","0","0","0","1","0","0","0","0","0","0","0","0","0","0","0","0","0","0","0","0","0","0","1","0","0","2","0","0","0"
"200171","歐西斯弓","0","$65","bow","wood","30000","19","12","0","2","2","-1","6","1","1","1","1","0","0","1","0","-1","0","0","0","0","0","0","0","0","0","0","0","0","0","0","0","0","0","0","2","0","0","0"
